"link","player"
"/players/a/abdursh01.html","Shareef Abdur-Rahim"
"/players/a/ackeral01.html","Alex Acker"
"/players/a/acyqu01.html","Quincy Acy"
"/players/a/adamsha01.html","Hassan Adams"
"/players/a/adamsst01.html","Steven Adams"
"/players/a/adrieje01.html","Jeff Adrien"
"/players/a/afflaar01.html","Arron Afflalo"
"/players/a/agerma01.html","Maurice Ager"
"/players/a/ahearbl01.html","Blake Ahearn"
"/players/a/ajincal01.html","Alexis Ajinca"
"/players/a/akognjo01.html","Josh Akognon"
"/players/a/alabiso01.html","Solomon Alabi"
"/players/a/aldrico01.html","Cole Aldrich"
"/players/a/aldrila01.html","LaMarcus Aldridge"
"/players/a/alexaco01.html","Cory Alexander"
"/players/a/alexajo01.html","Joe Alexander"
"/players/a/allenla01.html","Lavoy Allen"
"/players/a/allenma01.html","Malik Allen"
"/players/a/allenra02.html","Ray Allen"
"/players/a/allento01.html","Tony Allen"
"/players/a/allrela01.html","Lance Allred"
"/players/a/almonmo01.html","Morris Almond"
"/players/a/alstora01.html","Rafer Alston"
"/players/a/aminual01.html","Al-Farouq Aminu"
"/players/a/amundlo01.html","Louis Amundson"
"/players/a/anderal01.html","Alan Anderson"
"/players/a/anderan02.html","Antonio Anderson"
"/players/a/anderch01.html","Chris Andersen"
"/players/a/anderda03.html","David Andersen"
"/players/a/anderde01.html","Derek Anderson"
"/players/a/anderja01.html","James Anderson"
"/players/a/anderke01.html","Kenny Anderson"
"/players/a/anderry01.html","Ryan Anderson"
"/players/a/andersh01.html","Shandon Anderson"
"/players/a/andrima01.html","Martynas Andriuskevicius"
"/players/a/antetgi01.html","Giannis Antetokounmpo"
"/players/a/anthoca01.html","Carmelo Anthony"
"/players/a/anthojo01.html","Joel Anthony"
"/players/a/anticpe01.html","Pero Antic"
"/players/a/araujra01.html","Rafael Araujo"
"/players/a/arenagi01.html","Gilbert Arenas"
"/players/a/arizatr01.html","Trevor Ariza"
"/players/a/armstda01.html","Darrell Armstrong"
"/players/a/armsthi01.html","Hilton Armstrong"
"/players/a/arroyca01.html","Carlos Arroyo"
"/players/a/artesro01.html","Metta World Peace"
"/players/a/arthuda01.html","Darrell Arthur"
"/players/a/asikom01.html","Omer Asik"
"/players/a/atkinch01.html","Chucky Atkins"
"/players/a/augmost01.html","Stacey Augmon"
"/players/a/augusdj01.html","D.J. Augustin"
"/players/a/augusja01.html","James Augustine"
"/players/a/ayongu01.html","Gustavo Ayon"
"/players/a/azubuke01.html","Kelenna Azubuike"
"/players/b/babbch01.html","Chris Babb"
"/players/b/babbilu01.html","Luke Babbitt"
"/players/b/bakerma01.html","Maurice Baker"
"/players/b/bakervi01.html","Vin Baker"
"/players/b/balkmre01.html","Renaldo Balkman"
"/players/b/banksma01.html","Marcus Banks"
"/players/b/barbole01.html","Leandro Barbosa"
"/players/b/bareajo01.html","Jose Barea"
"/players/b/bargnan01.html","Andrea Bargnani"
"/players/b/barneha02.html","Harrison Barnes"
"/players/b/barnema02.html","Matt Barnes"
"/players/b/barrean01.html","Andre Barrett"
"/players/b/barroea01.html","Earl Barron"
"/players/b/barrybr01.html","Brent Barry"
"/players/b/barryjo01.html","Jon Barry"
"/players/b/bartowi01.html","Will Barton"
"/players/b/basdeed01.html","Eddie Basden"
"/players/b/bassbr01.html","Brandon Bass"
"/players/b/bastoma01.html","Maceo Baston"
"/players/b/batises01.html","Esteban Batista"
"/players/b/battish01.html","Shane Battier"
"/players/b/battito01.html","Tony Battie"
"/players/b/batumni01.html","Nicolas Batum"
"/players/b/baxtelo01.html","Lonny Baxter"
"/players/b/bayleje01.html","Jerryd Bayless"
"/players/b/baynear01.html","Aron Baynes"
"/players/b/bazemke01.html","Kent Bazemore"
"/players/b/bealbr01.html","Bradley Beal"
"/players/b/beaslmi01.html","Michael Beasley"
"/players/b/beaubro01.html","Rodrigue Beaubois"
"/players/b/belinma01.html","Marco Belinelli"
"/players/b/bellch01.html","Charlie Bell"
"/players/b/bellra01.html","Raja Bell"
"/players/b/bendejo01.html","Jonathan Bender"
"/players/b/bennean01.html","Anthony Bennett"
"/players/b/bensoke02.html","Keith Benson"
"/players/b/besttr01.html","Travis Best"
"/players/b/beverpa01.html","Patrick Beverley"
"/players/b/bibbymi01.html","Mike Bibby"
"/players/b/biedran01.html","Andris Biedrins"
"/players/b/billuch01.html","Chauncey Billups"
"/players/b/biyombi01.html","Bismack Biyombo"
"/players/b/blairde01.html","DeJuan Blair"
"/players/b/blakest01.html","Steve Blake"
"/players/b/blalowi01.html","Will Blalock"
"/players/b/blatcan01.html","Andray Blatche"
"/players/b/bledser01.html","Eric Bledsoe"
"/players/b/blounma01.html","Mark Blount"
"/players/b/blueva01.html","Vander Blue"
"/players/b/bobbito01.html","Tony Bobbitt"
"/players/b/boganke01.html","Keith Bogans"
"/players/b/bogutan01.html","Andrew Bogut"
"/players/b/bonnema01.html","Matt Bonner"
"/players/b/booketr01.html","Trevor Booker"
"/players/b/boonejo01.html","Josh Boone"
"/players/b/boothca01.html","Calvin Booth"
"/players/b/boozeca01.html","Carlos Boozer"
"/players/b/borchcu01.html","Curtis Borchardt"
"/players/b/boshch01.html","Chris Bosh"
"/players/b/bowenbr01.html","Bruce Bowen"
"/players/b/bowenry01.html","Ryan Bowen"
"/players/b/boykiea01.html","Earl Boykins"
"/players/b/bozemce01.html","Cedric Bozeman"
"/players/b/brackcr01.html","Craig Brackins"
"/players/b/bradlav01.html","Avery Bradley"
"/players/b/bradlmi01.html","Michael Bradley"
"/players/b/bradlsh01.html","Shawn Bradley"
"/players/b/braggto01.html","Torraye Braggs"
"/players/b/brandel01.html","Elton Brand"
"/players/b/breweco01.html","Corey Brewer"
"/players/b/breweja01.html","Jamison Brewer"
"/players/b/brewero02.html","Ronnie Brewer"
"/players/b/brezepr01.html","Primoz Brezec"
"/players/b/brockjo01.html","Jon Brockman"
"/players/b/brookaa01.html","Aaron Brooks"
"/players/b/brookma01.html","MarShon Brooks"
"/players/b/brownan01.html","Andre Brown"
"/players/b/brownbo02.html","Bobby Brown"
"/players/b/brownda02.html","Damone Brown"
"/players/b/brownde02.html","Devin Brown"
"/players/b/brownde03.html","Dee Brown"
"/players/b/brownde04.html","Derrick Brown"
"/players/b/brownke01.html","Kedrick Brown"
"/players/b/brownkw01.html","Kwame Brown"
"/players/b/brownlo01.html","Lorenzo Brown"
"/players/b/brownpj01.html","P.J. Brown"
"/players/b/brownsh01.html","Shannon Brown"
"/players/b/brownti01.html","Tierre Brown"
"/players/b/brunsri01.html","Rick Brunson"
"/players/b/bryanko01.html","Kobe Bryant"
"/players/b/buckngr01.html","Greg Buckner"
"/players/b/budinch01.html","Chase Budinger"
"/players/b/buforro01.html","Rodney Buford"
"/players/b/bullore01.html","Reggie Bullock"
"/players/b/burkepa01.html","Pat Burke"
"/players/b/burketr01.html","Trey Burke"
"/players/b/burksal01.html","Alec Burks"
"/players/b/burksan01.html","Antonio Burks"
"/players/b/burleke01.html","Kevin Burleson"
"/players/b/butleca01.html","Caron Butler"
"/players/b/butleja01.html","Jackie Butler"
"/players/b/butleji01.html","Jimmy Butler"
"/players/b/butlera01.html","Rasual Butler"
"/players/b/buyckdw01.html","Dwight Buycks"
"/players/b/byarsde01.html","Derrick Byars"
"/players/b/bynuman01.html","Andrew Bynum"
"/players/b/bynumwi01.html","Will Bynum"
"/players/c/cabarza01.html","Zarko Cabarkapa"
"/players/c/calatni01.html","Nick Calathes"
"/players/c/caldejo01.html","Jose Calderon"
"/players/c/caldwke01.html","Kentavious Caldwell-Pope"
"/players/c/cambyma01.html","Marcus Camby"
"/players/c/campbel01.html","Elden Campbell"
"/players/c/canaais01.html","Isaiah Canaan"
"/players/c/caracde01.html","Derrick Caracter"
"/players/c/cardibr01.html","Brian Cardinal"
"/players/c/carlige01.html","Geno Carlisle"
"/players/c/carnero01.html","Rodney Carney"
"/players/c/carrode01.html","DeMarre Carroll"
"/players/c/carroma01.html","Matt Carroll"
"/players/c/cartean01.html","Anthony Carter"
"/players/c/cartemi01.html","Michael Carter-Williams"
"/players/c/cartevi01.html","Vince Carter"
"/players/c/cassesa01.html","Sam Cassell"
"/players/c/casspom01.html","Omri Casspi"
"/players/c/catoke01.html","Kelvin Cato"
"/players/c/chalmli01.html","Lionel Chalmers"
"/players/c/chalmma01.html","Mario Chalmers"
"/players/c/chandty01.html","Tyson Chandler"
"/players/c/chandwi01.html","Wilson Chandler"
"/players/c/cheanca01.html","Calbert Cheaney"
"/players/c/childjo01.html","Josh Childress"
"/players/c/chrisdi01.html","Dionte Christmas"
"/players/c/chrisdo01.html","Doug Christie"
"/players/c/clarkea01.html","Earl Clark"
"/players/c/clarkia01.html","Ian Clark"
"/players/c/clavevi01.html","Victor Claver"
"/players/c/claxtsp01.html","Speedy Claxton"
"/players/c/cleavma01.html","Mateen Cleaves"
"/players/c/colemde01.html","Derrick Coleman"
"/players/c/coleno01.html","Norris Cole"
"/players/c/collida01.html","Darren Collison"
"/players/c/collija02.html","Jason Collier"
"/players/c/collija03.html","Jarron Collins"
"/players/c/collija04.html","Jason Collins"
"/players/c/collima01.html","Mardy Collins"
"/players/c/collini01.html","Nick Collison"
"/players/c/collish01.html","Sherron Collins"
"/players/c/conlemi01.html","Mike Conley"
"/players/c/conrowi01.html","Will Conroy"
"/players/c/cookbr01.html","Brian Cook"
"/players/c/cookda02.html","Daequan Cook"
"/players/c/cookom01.html","Omar Cook"
"/players/c/copelch01.html","Chris Copeland"
"/players/c/couside01.html","DeMarcus Cousins"
"/players/c/cousima01.html","Marcus Cousin"
"/players/c/covinro01.html","Robert Covington"
"/players/c/crabbal01.html","Allen Crabbe"
"/players/c/crawfja01.html","Jamal Crawford"
"/players/c/crawfjo01.html","Joe Crawford"
"/players/c/crawfjo02.html","Jordan Crawford"
"/players/c/crittja01.html","Javaris Crittenton"
"/players/c/croshau01.html","Austin Croshere"
"/players/c/crowdja01.html","Jae Crowder"
"/players/c/cunnida01.html","Dante Cunningham"
"/players/c/cunnija01.html","Jared Cunningham"
"/players/c/curryed01.html","Eddy Curry"
"/players/c/curryja01.html","JamesOn Curry"
"/players/c/currymi01.html","Michael Curry"
"/players/c/curryse01.html","Seth Curry"
"/players/c/curryst01.html","Stephen Curry"
"/players/d/dalemsa01.html","Samuel Dalembert"
"/players/d/dampier01.html","Erick Dampier"
"/players/d/daniean01.html","Antonio Daniels"
"/players/d/danieer01.html","Erik Daniels"
"/players/d/daniema01.html","Marquis Daniels"
"/players/d/danietr01.html","Troy Daniels"
"/players/d/datomlu01.html","Luigi Datome"
"/players/d/davidje01.html","Jermareo Davidson"
"/players/d/daviebr01.html","Brandon Davies"
"/players/d/davisan01.html","Antonio Davis"
"/players/d/davisan02.html","Anthony Davis"
"/players/d/davisba01.html","Baron Davis"
"/players/d/davisda01.html","Dale Davis"
"/players/d/davised01.html","Ed Davis"
"/players/d/davisgl01.html","Glen Davis"
"/players/d/davisjo02.html","Josh Davis"
"/players/d/davispa01.html","Paul Davis"
"/players/d/davisri01.html","Ricky Davis"
"/players/d/dawsoer01.html","Eric Dawson"
"/players/d/dayeau01.html","Austin Daye"
"/players/d/declean01.html","Andrew DeClercq"
"/players/d/decolna01.html","Nando De Colo"
"/players/d/dedmode01.html","Dewayne Dedmon"
"/players/d/delfica01.html","Carlos Delfino"
"/players/d/delkto01.html","Tony Delk"
"/players/d/dellama01.html","Matthew Dellavedova"
"/players/d/denglu01.html","Luol Deng"
"/players/d/dentmju01.html","Justin Dentmon"
"/players/d/derozde01.html","DeMar DeRozan"
"/players/d/diawaya01.html","Yakhouba Diawara"
"/players/d/diawbo01.html","Boris Diaw"
"/players/d/diazgu01.html","Guillermo Diaz"
"/players/d/dickada01.html","Dan Dickau"
"/players/d/dickeka01.html","Kaniel Dickens"
"/players/d/dienetr01.html","Travis Diener"
"/players/d/dienggo01.html","Gorgui Dieng"
"/players/d/dioguik01.html","Ike Diogu"
"/players/d/diopde01.html","DeSagana Diop"
"/players/d/divacvl01.html","Vlade Divac"
"/players/d/dixonju01.html","Juan Dixon"
"/players/d/doleami01.html","Michael Doleac"
"/players/d/doolike01.html","Keyon Dooling"
"/players/d/dorsejo01.html","Joey Dorsey"
"/players/d/doubyqu01.html","Quincy Douby"
"/players/d/douglch01.html","Chris Douglas-Roberts"
"/players/d/douglto01.html","Toney Douglas"
"/players/d/dowdeza01.html","Zabian Dowdell"
"/players/d/dragigo01.html","Goran Dragic"
"/players/d/drobnpr01.html","Predrag Drobnjak"
"/players/d/drumman01.html","Andre Drummond"
"/players/d/dudleja01.html","Jared Dudley"
"/players/d/duhonch01.html","Chris Duhon"
"/players/d/duncati01.html","Tim Duncan"
"/players/d/dunlemi02.html","Mike Dunleavy"
"/players/d/duprero01.html","Ronald Dupree"
"/players/d/duranke01.html","Kevin Durant"
"/players/d/dysonje01.html","Jerome Dyson"
"/players/e/ebankde01.html","Devin Ebanks"
"/players/e/ebind01.html","Ndudi Ebi"
"/players/e/edwarco01.html","Corsley Edwards"
"/players/e/edwarjo01.html","John Edwards"
"/players/e/edwarsh01.html","Shane Edwards"
"/players/e/eisleho01.html","Howard Eisley"
"/players/e/ekeziob01.html","Obinna Ekezie"
"/players/e/ellinwa01.html","Wayne Ellington"
"/players/e/ellismo01.html","Monta Ellis"
"/players/e/elsonfr01.html","Francisco Elson"
"/players/e/elyme01.html","Melvin Ely"
"/players/e/emmetan01.html","Andre Emmett"
"/players/e/engliki01.html","Kim English"
"/players/e/erdense01.html","Semih Erden"
"/players/e/evansje01.html","Jeremy Evans"
"/players/e/evansma01.html","Maurice Evans"
"/players/e/evansre01.html","Reggie Evans"
"/players/e/evansty01.html","Tyreke Evans"
"/players/e/ewingda01.html","Daniel Ewing"
"/players/e/ewingpa02.html","Patrick Ewing"
"/players/e/eyengch01.html","Christian Eyenga"
"/players/e/ezelife01.html","Festus Ezeli"
"/players/f/farieke01.html","Kenneth Faried"
"/players/f/farmajo01.html","Jordan Farmar"
"/players/f/farmede01.html","Desmon Farmer"
"/players/f/favervi01.html","Vitor Faverani"
"/players/f/favorde01.html","Derrick Favors"
"/players/f/fazekni01.html","Nick Fazekas"
"/players/f/felixca01.html","Carrick Felix"
"/players/f/felixno01.html","Noel Felix"
"/players/f/feltora01.html","Raymond Felton"
"/players/f/fernaru01.html","Rudy Fernandez"
"/players/f/fesenky01.html","Kyrylo Fesenko"
"/players/f/fieldla01.html","Landry Fields"
"/players/f/finlemi01.html","Michael Finley"
"/players/f/fishede01.html","Derek Fisher"
"/players/f/fitchge01.html","Gerald Fitch"
"/players/f/fizerma01.html","Marcus Fizer"
"/players/f/florelu01.html","Luis Flores"
"/players/f/flynnjo01.html","Jonny Flynn"
"/players/f/footeje01.html","Jeff Foote"
"/players/f/forbega01.html","Gary Forbes"
"/players/f/fordsh02.html","Sharrod Ford"
"/players/f/fordtj01.html","T.J. Ford"
"/players/f/fortsco01.html","Courtney Fortson"
"/players/f/fortsda01.html","Danny Fortson"
"/players/f/fosteje01.html","Jeff Foster"
"/players/f/fournev01.html","Evan Fournier"
"/players/f/fowlktr01.html","Tremaine Fowlkes"
"/players/f/foyera01.html","Randy Foye"
"/players/f/foylead01.html","Adonal Foyle"
"/players/f/frahmri01.html","Richie Frahm"
"/players/f/francst01.html","Steve Francis"
"/players/f/frankja01.html","Jamaal Franklin"
"/players/f/fredeji01.html","Jimmer Fredette"
"/players/f/freeljo01.html","Joel Freeland"
"/players/f/freijma01.html","Matt Freije"
"/players/f/fryech01.html","Channing Frye"
"/players/f/fundela01.html","Lawrence Funderburke"
"/players/g/gadzuda01.html","Dan Gadzuric"
"/players/g/gaide01.html","Deng Gai"
"/players/g/gainere01.html","Reece Gaines"
"/players/g/gainesu01.html","Sundiata Gaines"
"/players/g/gallida01.html","Danilo Gallinari"
"/players/g/garbajo01.html","Jorge Garbajosa"
"/players/g/garcial01.html","Alex Garcia"
"/players/g/garcifr01.html","Francisco Garcia"
"/players/g/gardnth01.html","Thomas Gardner"
"/players/g/garneke01.html","Kevin Garnett"
"/players/g/garredi02.html","Diante Garrett"
"/players/g/garripa01.html","Pat Garrity"
"/players/g/gasolma01.html","Marc Gasol"
"/players/g/gasolpa01.html","Pau Gasol"
"/players/g/gayru01.html","Rudy Gay"
"/players/g/geeal01.html","Alonzo Gee"
"/players/g/gelabmi01.html","Mickael Gelabale"
"/players/g/georgde01.html","Devean George"
"/players/g/georgpa01.html","Paul George"
"/players/g/gibsoda01.html","Daniel Gibson"
"/players/g/gibsota01.html","Taj Gibson"
"/players/g/giddejr01.html","J.R. Giddens"
"/players/g/gildetr01.html","Trey Gilder"
"/players/g/gilled01.html","Eddie Gill"
"/players/g/gillke01.html","Kendall Gill"
"/players/g/ginobma01.html","Manu Ginobili"
"/players/g/giricgo01.html","Gordan Giricek"
"/players/g/gladnmi01.html","Mickell Gladness"
"/players/g/glovedi01.html","Dion Glover"
"/players/g/glynian01.html","Andreas Glyniadakis"
"/players/g/goberru01.html","Rudy Gobert"
"/players/g/goldwan01.html","Anthony Goldwire"
"/players/g/gomesry01.html","Ryan Gomes"
"/players/g/goodedr01.html","Drew Gooden"
"/players/g/goodwar01.html","Archie Goodwin"
"/players/g/gordobe01.html","Ben Gordon"
"/players/g/gordoer01.html","Eric Gordon"
"/players/g/gortama01.html","Marcin Gortat"
"/players/g/goudean01.html","Andrew Goudelock"
"/players/g/grahajo01.html","Joey Graham"
"/players/g/grahast01.html","Stephen Graham"
"/players/g/grangda01.html","Danny Granger"
"/players/g/grantbr01.html","Brian Grant"
"/players/g/grayaa01.html","Aaron Gray"
"/players/g/greenda02.html","Danny Green"
"/players/g/greende01.html","Devin Green"
"/players/g/greendo01.html","Donte Greene"
"/players/g/greendr01.html","Draymond Green"
"/players/g/greenge01.html","Gerald Green"
"/players/g/greenje02.html","Jeff Green"
"/players/g/greenor01.html","Orien Greene"
"/players/g/greenta01.html","Taurean Green"
"/players/g/greenwi01.html","Willie Green"
"/players/g/greerly01.html","Lynn Greer"
"/players/g/griffad01.html","Adrian Griffin"
"/players/g/griffbl01.html","Blake Griffin"
"/players/g/griffed01.html","Eddie Griffin"
"/players/g/griffta01.html","Taylor Griffin"
"/players/g/grundan01.html","Anthony Grundy"
"/players/g/guglito01.html","Tom Gugliotta"
"/players/g/gutiejo01.html","Jorge Gutierrez"
"/players/h/haddaha01.html","Hamed Haddadi"
"/players/h/hairsma01.html","Malik Hairston"
"/players/h/haislma01.html","Marcus Haislip"
"/players/h/hallmi01.html","Mike Hall"
"/players/h/hamda01.html","Darvin Ham"
"/players/h/hamiljo02.html","Jordan Hamilton"
"/players/h/hamilju01.html","Justin Hamilton"
"/players/h/hamilri01.html","Richard Hamilton"
"/players/h/hamilze01.html","Zendon Hamilton"
"/players/h/handlbe01.html","Ben Handlogten"
"/players/h/hansbbe01.html","Ben Hansbrough"
"/players/h/hansbty01.html","Tyler Hansbrough"
"/players/h/haranlu01.html","Luke Harangody"
"/players/h/hardaan01.html","Anfernee Hardaway"
"/players/h/hardati02.html","Tim Hardaway"
"/players/h/hardeja01.html","James Harden"
"/players/h/harklma01.html","Maurice Harkless"
"/players/h/harpeju01.html","Justin Harper"
"/players/h/harprma01.html","Matt Harpring"
"/players/h/harrejo01.html","Josh Harrellson"
"/players/h/harrial01.html","Al Harrington"
"/players/h/harrida01.html","David Harrison"
"/players/h/harride01.html","Devin Harris"
"/players/h/harriel01.html","Elias Harris"
"/players/h/harriju01.html","Junior Harrington"
"/players/h/harrilu01.html","Lucious Harris"
"/players/h/harrima01.html","Manny Harris"
"/players/h/harrimi01.html","Mike Harris"
"/players/h/harriot01.html","Othella Harrington"
"/players/h/harrite01.html","Terrel Harris"
"/players/h/harrito02.html","Tobias Harris"
"/players/h/hartja01.html","Jason Hart"
"/players/h/harvedo01.html","Donnell Harvey"
"/players/h/hasleud01.html","Udonis Haslem"
"/players/h/hassetr01.html","Trenton Hassell"
"/players/h/hawessp01.html","Spencer Hawes"
"/players/h/hayesch01.html","Chuck Hayes"
"/players/h/hayesja01.html","Jarvis Hayes"
"/players/h/haywago01.html","Gordon Hayward"
"/players/h/haywala01.html","Lazar Hayward"
"/players/h/haywobr01.html","Brendan Haywood"
"/players/h/headlu01.html","Luther Head"
"/players/h/hendeal01.html","Alan Henderson"
"/players/h/hendege02.html","Gerald Henderson"
"/players/h/henryxa01.html","Xavier Henry"
"/players/h/hensojo01.html","John Henson"
"/players/h/herrmwa01.html","Walter Herrmann"
"/players/h/hibbero01.html","Roy Hibbert"
"/players/h/hicksjj01.html","J.J. Hickson"
"/players/h/higgico01.html","Cory Higgins"
"/players/h/hilarne01.html","Nene Hilario"
"/players/h/hillge01.html","George Hill"
"/players/h/hillgr01.html","Grant Hill"
"/players/h/hilljo01.html","Jordan Hill"
"/players/h/hillso01.html","Solomon Hill"
"/players/h/hillst01.html","Steven Hill"
"/players/h/hinriki01.html","Kirk Hinrich"
"/players/h/hitero01.html","Robert Hite"
"/players/h/hobsoda01.html","Darington Hobson"
"/players/h/hodgeju01.html","Julius Hodge"
"/players/h/hoibefr01.html","Fred Hoiberg"
"/players/h/holcora01.html","Randy Holcomb"
"/players/h/holidjr01.html","Jrue Holiday"
"/players/h/holidju01.html","Justin Holiday"
"/players/h/holliry01.html","Ryan Hollins"
"/players/h/honeyty01.html","Tyler Honeycutt"
"/players/h/hopsosc01.html","Scotty Hopson"
"/players/h/horfoal01.html","Al Horford"
"/players/h/hornede01.html","Dennis Horner"
"/players/h/horryro01.html","Robert Horry"
"/players/h/houseed01.html","Eddie House"
"/players/h/houstal01.html","Allan Houston"
"/players/h/howardw01.html","Dwight Howard"
"/players/h/howarjo01.html","Josh Howard"
"/players/h/howarju01.html","Juwan Howard"
"/players/h/hudsole01.html","Lester Hudson"
"/players/h/hudsotr01.html","Troy Hudson"
"/players/h/hughela01.html","Larry Hughes"
"/players/h/hummero01.html","Robbie Hummel"
"/players/h/humphkr01.html","Kris Humphries"
"/players/h/humphry01.html","Ryan Humphrey"
"/players/h/huntebr01.html","Brandon Hunter"
"/players/h/huntech01.html","Chris Hunter"
"/players/h/hunteli01.html","Lindsey Hunter"
"/players/h/hunteot01.html","Othello Hunter"
"/players/h/huntest01.html","Steven Hunter"
"/players/i/ibakase01.html","Serge Ibaka"
"/players/i/iguodan01.html","Andre Iguodala"
"/players/i/ilgauzy01.html","Zydrunas Ilgauskas"
"/players/i/ilicmi01.html","Mile Ilic"
"/players/i/ilyaser01.html","Ersan Ilyasova"
"/players/i/irvinky01.html","Kyrie Irving"
"/players/i/iversal01.html","Allen Iverson"
"/players/i/iveyro01.html","Royal Ivey"
"/players/j/jackja01.html","Jarrett Jack"
"/players/j/jacksbo01.html","Bobby Jackson"
"/players/j/jacksce01.html","Cedric Jackson"
"/players/j/jacksda01.html","Darnell Jackson"
"/players/j/jacksje01.html","Jermaine Jackson"
"/players/j/jacksji01.html","Jim Jackson"
"/players/j/jackslu02.html","Luke Jackson"
"/players/j/jacksma02.html","Marc Jackson"
"/players/j/jacksre01.html","Reggie Jackson"
"/players/j/jacksst02.html","Stephen Jackson"
"/players/j/jacobca01.html","Casey Jacobsen"
"/players/j/jamesbe01.html","Bernard James"
"/players/j/jamesda01.html","Damion James"
"/players/j/jamesje01.html","Jerome James"
"/players/j/jamesle01.html","LeBron James"
"/players/j/jamesmi01.html","Mike James"
"/players/j/jamisan01.html","Antawn Jamison"
"/players/j/jaricma01.html","Marko Jaric"
"/players/j/jasiksa01.html","Sarunas Jasikevicius"
"/players/j/jawaina01.html","Nathan Jawai"
"/players/j/jeffeal01.html","Al Jefferson"
"/players/j/jeffedo01.html","Dontell Jefferson"
"/players/j/jeffeot01.html","Othyus Jeffers"
"/players/j/jefferi01.html","Richard Jefferson"
"/players/j/jeffrja01.html","Jared Jeffries"
"/players/j/jenkich01.html","Charles Jenkins"
"/players/j/jenkiho01.html","Horace Jenkins"
"/players/j/jenkijo01.html","John Jenkins"
"/players/j/jennibr01.html","Brandon Jennings"
"/players/j/jerebjo01.html","Jonas Jerebko"
"/players/j/jetereu01.html","Eugene Jeter"
"/players/j/jianlyi01.html","Yi Jianlian"
"/players/j/johnsal01.html","Alexander Johnson"
"/players/j/johnsam01.html","Amir Johnson"
"/players/j/johnsan02.html","Anthony Johnson"
"/players/j/johnsar02.html","Armon Johnson"
"/players/j/johnsbr01.html","Britton Johnsen"
"/players/j/johnsca01.html","Carldell Johnson"
"/players/j/johnsch03.html","Chris Johnson"
"/players/j/johnsch04.html","Chris Johnson"
"/players/j/johnsda03.html","Darius Johnson-Odom"
"/players/j/johnsde03.html","DerMarr Johnson"
"/players/j/johnser02.html","Ervin Johnson"
"/players/j/johnsiv01.html","Ivan Johnson"
"/players/j/johnsja01.html","James Johnson"
"/players/j/johnsja02.html","JaJuan Johnson"
"/players/j/johnsjo02.html","Joe Johnson"
"/players/j/johnsli01.html","Linton Johnson"
"/players/j/johnsor01.html","Orlando Johnson"
"/players/j/johnstr01.html","Trey Johnson"
"/players/j/johnswe01.html","Wesley Johnson"
"/players/j/jonesbo02.html","Bobby Jones"
"/players/j/jonesda01.html","Damon Jones"
"/players/j/jonesda02.html","Dahntay Jones"
"/players/j/jonesde01.html","DeQuan Jones"
"/players/j/jonesdo02.html","Dominique Jones"
"/players/j/jonesdw02.html","Dwayne Jones"
"/players/j/jonesed02.html","Eddie Jones"
"/players/j/jonesfr01.html","Fred Jones"
"/players/j/jonesja02.html","James Jones"
"/players/j/jonesju01.html","Jumaine Jones"
"/players/j/joneske01.html","Kevin Jones"
"/players/j/jonesma03.html","Mark Jones"
"/players/j/jonespe01.html","Perry Jones"
"/players/j/jonesso01.html","Solomon Jones"
"/players/j/joneste01.html","Terrence Jones"
"/players/j/jordade01.html","DeAndre Jordan"
"/players/j/jordaje01.html","Jerome Jordan"
"/players/j/josepco01.html","Cory Joseph"
"/players/j/josepkr01.html","Kris Joseph"
"/players/k/kamanch01.html","Chris Kaman"
"/players/k/kanteen01.html","Enes Kanter"
"/players/k/kaponja01.html","Jason Kapono"
"/players/k/karasse01.html","Sergey Karasev"
"/players/k/karlco01.html","Coby Karl"
"/players/k/kasunma01.html","Mario Kasun"
"/players/k/kellyry01.html","Ryan Kelly"
"/players/k/kennedj01.html","D.J. Kennedy"
"/players/k/khryavi01.html","Viktor Khryapa"
"/players/k/kiddgmi01.html","Michael Kidd-Gilchrist"
"/players/k/kiddja01.html","Jason Kidd"
"/players/k/kinseta01.html","Tarence Kinsey"
"/players/k/kirilan01.html","Andrei Kirilenko"
"/players/k/kittlke01.html","Kerry Kittles"
"/players/k/kleizli01.html","Linas Kleiza"
"/players/k/knighbr01.html","Brevin Knight"
"/players/k/knighbr02.html","Brandin Knight"
"/players/k/knighbr03.html","Brandon Knight"
"/players/k/korolya01.html","Yaroslav Korolev"
"/players/k/korveky01.html","Kyle Korver"
"/players/k/koufoko01.html","Kosta Koufos"
"/players/k/kravtvi01.html","Viacheslav Kravtsov"
"/players/k/krstine01.html","Nenad Krstic"
"/players/k/kukocto01.html","Toni Kukoc"
"/players/k/kurzro01.html","Rob Kurz"
"/players/k/kutluib01.html","Ibo Kutluay"
"/players/k/kuzmiog01.html","Ognjen Kuzmic"
"/players/l/laettch01.html","Christian Laettner"
"/players/l/lafayol01.html","Oliver Lafayette"
"/players/l/lafrera01.html","Raef LaFrentz"
"/players/l/lambdo01.html","Doron Lamb"
"/players/l/lambje01.html","Jeremy Lamb"
"/players/l/lampema01.html","Maciej Lampe"
"/players/l/landrca01.html","Carl Landry"
"/players/l/landrma01.html","Marcus Landry"
"/players/l/langfke01.html","Keith Langford"
"/players/l/langja01.html","James Lang"
"/players/l/larkish01.html","Shane Larkin"
"/players/l/lasmest01.html","Stephane Lasme"
"/players/l/lawac01.html","Acie Law"
"/players/l/lawalga01.html","Gani Lawal"
"/players/l/lawsoty01.html","Ty Lawson"
"/players/l/ledori01.html","Ricky Ledo"
"/players/l/leeco01.html","Courtney Lee"
"/players/l/leeda02.html","David Lee"
"/players/l/leema01.html","Malcolm Lee"
"/players/l/lenal01.html","Alex Len"
"/players/l/lenarvo01.html","Voshon Lenard"
"/players/l/leonaka01.html","Kawhi Leonard"
"/players/l/leoname01.html","Meyers Leonard"
"/players/l/leslitr01.html","Travis Leslie"
"/players/l/leuerjo01.html","Jon Leuer"
"/players/l/lewisra02.html","Rashard Lewis"
"/players/l/liggide01.html","DeAndre Liggins"
"/players/l/lillada01.html","Damian Lillard"
"/players/l/linje01.html","Jeremy Lin"
"/players/l/livinra01.html","Randy Livingston"
"/players/l/livinsh01.html","Shaun Livingston"
"/players/l/lopezbr01.html","Brook Lopez"
"/players/l/lopezra01.html","Raul Lopez"
"/players/l/lopezro01.html","Robin Lopez"
"/players/l/loveke01.html","Kevin Love"
"/players/l/lowryky01.html","Kyle Lowry"
"/players/l/lucasjo02.html","John Lucas"
"/players/l/luety01.html","Tyronn Lue"
"/players/l/lynchge01.html","George Lynch"
"/players/m/machasc01.html","Scott Machado"
"/players/m/macijar01.html","Arvydas Macijauskas"
"/players/m/macklve01.html","Vernon Macklin"
"/players/m/macksh01.html","Shelvin Mack"
"/players/m/madsema01.html","Mark Madsen"
"/players/m/maggeco01.html","Corey Maggette"
"/players/m/magloja01.html","Jamaal Magloire"
"/players/m/mahinia01.html","Ian Mahinmi"
"/players/m/majorre01.html","Renaldo Major"
"/players/m/marbust01.html","Stephon Marbury"
"/players/m/mariosh01.html","Shawn Marion"
"/players/m/markoda01.html","Damir Markota"
"/players/m/marksse01.html","Sean Marks"
"/players/m/marshdo01.html","Donyell Marshall"
"/players/m/marshke01.html","Kendall Marshall"
"/players/m/marshra01.html","Rawle Marshall"
"/players/m/martica01.html","Cartier Martin"
"/players/m/martida01.html","Darrick Martin"
"/players/m/martike01.html","Kenyon Martin"
"/players/m/martike02.html","Kevin Martin"
"/players/m/masonde01.html","Desmond Mason"
"/players/m/masonro01.html","Roger Mason"
"/players/m/masseto01.html","Tony Massenburg"
"/players/m/matthwe02.html","Wesley Matthews"
"/players/m/maxieja01.html","Jason Maxiell"
"/players/m/maynoer01.html","Eric Maynor"
"/players/m/mayooj01.html","O.J. Mayo"
"/players/m/mayse01.html","Sean May"
"/players/m/mbahalu01.html","Luc Mbah a Moute"
"/players/m/mbengdj01.html","Didier Ilunga-Mbenga"
"/players/m/mccalra01.html","Ray McCallum"
"/players/m/mccanra01.html","Rashad McCants"
"/players/m/mccarwa01.html","Walter McCarty"
"/players/m/mccolcj01.html","C.J. McCollum"
"/players/m/mccoyje01.html","Jelani McCoy"
"/players/m/mccrach01.html","Chris McCray"
"/players/m/mcdyean01.html","Antonio McDyess"
"/players/m/mcfariv01.html","Ivan McFarlin"
"/players/m/mcgeeja01.html","JaVale McGee"
"/players/m/mcgratr01.html","Tracy McGrady"
"/players/m/mcguido01.html","Dominic McGuire"
"/players/m/mcinnje01.html","Jeff McInnis"
"/players/m/mckieaa01.html","Aaron McKie"
"/players/m/mclembe01.html","Ben McLemore"
"/players/m/mcleoke01.html","Keith McLeod"
"/players/m/mcrobjo01.html","Josh McRoberts"
"/players/m/medvest01.html","Stanislav Medvedenko"
"/players/m/meeksjo01.html","Jodie Meeks"
"/players/m/mekelga01.html","Gal Mekel"
"/players/m/melofa01.html","Fab Melo"
"/players/m/mensapo01.html","Pops Mensah-Bonsu"
"/players/m/mercero01.html","Ron Mercer"
"/players/m/middlkh01.html","Khris Middleton"
"/players/m/mihmch01.html","Chris Mihm"
"/players/m/milesaa01.html","Aaron Miles"
"/players/m/milescj01.html","C.J. Miles"
"/players/m/milesda01.html","Darius Miles"
"/players/m/milicda01.html","Darko Milicic"
"/players/m/millean01.html","Anthony Miller"
"/players/m/millean02.html","Andre Miller"
"/players/m/millebr01.html","Brad Miller"
"/players/m/milleda01.html","Darius Miller"
"/players/m/millemi01.html","Mike Miller"
"/players/m/millequ01.html","Quincy Miller"
"/players/m/millere01.html","Reggie Miller"
"/players/m/millspa01.html","Paul Millsap"
"/players/m/millspa02.html","Patrick Mills"
"/players/m/mingya01.html","Yao Ming"
"/players/m/mitchto02.html","Tony Mitchell"
"/players/m/mitchto03.html","Tony Mitchell"
"/players/m/moblecu01.html","Cuttino Mobley"
"/players/m/mohamna01.html","Nazr Mohammed"
"/players/m/moisoje01.html","Jerome Moiso"
"/players/m/moniase01.html","Sergei Monia"
"/players/m/monrogr01.html","Greg Monroe"
"/players/m/moonja01.html","Jamario Moon"
"/players/m/mooreet01.html","E'Twaun Moore"
"/players/m/mooremi01.html","Mikki Moore"
"/players/m/morriad01.html","Adam Morrison"
"/players/m/morrida01.html","Darius Morris"
"/players/m/morrima02.html","Markieff Morris"
"/players/m/morrima03.html","Marcus Morris"
"/players/m/morrira01.html","Randolph Morris"
"/players/m/morrite01.html","Terence Morris"
"/players/m/morroan01.html","Anthony Morrow"
"/players/m/motiedo01.html","Donatas Motiejunas"
"/players/m/moultar01.html","Arnett Moultrie"
"/players/m/mournal01.html","Alonzo Mourning"
"/players/m/mozgoti01.html","Timofey Mozgov"
"/players/m/muhamsh01.html","Shabazz Muhammad"
"/players/m/mulleby01.html","Byron Mullens"
"/players/m/murpher01.html","Erik Murphy"
"/players/m/murphke01.html","Kevin Murphy"
"/players/m/murphtr01.html","Troy Murphy"
"/players/m/murrala01.html","Lamond Murray"
"/players/m/murraro01.html","Ronald Murray"
"/players/m/murryto01.html","Toure' Murry"
"/players/m/muscami01.html","Mike Muscala"
"/players/m/mutomdi01.html","Dikembe Mutombo"
"/players/n/nachbbo01.html","Bostjan Nachbar"
"/players/n/nailole01.html","Lee Nailon"
"/players/n/najered01.html","Eduardo Najera"
"/players/n/nashst01.html","Steve Nash"
"/players/n/navarju01.html","Juan Carlos Navarro"
"/players/n/ndiayha01.html","Hamady N'Diaye"
"/players/n/ndiayma02.html","Mamadou N'Diaye"
"/players/n/ndongbo01.html","Boniface N'Dong"
"/players/n/nealga01.html","Gary Neal"
"/players/n/nedovne01.html","Nemanja Nedovic"
"/players/n/nelsode01.html","DeMarcus Nelson"
"/players/n/nelsoja01.html","Jameer Nelson"
"/players/n/nestera01.html","Rasho Nesterovic"
"/players/n/newblir01.html","Ira Newble"
"/players/n/nichoan01.html","Andrew Nicholson"
"/players/n/nichode01.html","Demetris Nichols"
"/players/n/noahjo01.html","Joakim Noah"
"/players/n/nocioan01.html","Andres Nocioni"
"/players/n/noelda01.html","David Noel"
"/players/n/norrimo01.html","Moochie Norris"
"/players/n/novakst01.html","Steve Novak"
"/players/n/nowitdi01.html","Dirk Nowitzki"
"/players/n/nunnaja01.html","James Nunnally"
"/players/o/obertfa01.html","Fabricio Oberto"
"/players/o/obryapa01.html","Patrick O'Bryant"
"/players/o/odengr01.html","Greg Oden"
"/players/o/odomla01.html","Lamar Odom"
"/players/o/ohlbrti01.html","Tim Ohlbrecht"
"/players/o/okafoem01.html","Emeka Okafor"
"/players/o/okurme01.html","Mehmet Okur"
"/players/o/oladivi01.html","Victor Oladipo"
"/players/o/ollieke01.html","Kevin Ollie"
"/players/o/olowomi01.html","Michael Olowokandi"
"/players/o/olynyke01.html","Kelly Olynyk"
"/players/o/onealje01.html","Jermaine O'Neal"
"/players/o/onealsh01.html","Shaquille O'Neal"
"/players/o/onuakar01.html","Arinze Onuaku"
"/players/o/oquinky01.html","Kyle O'Quinn"
"/players/o/ortonda01.html","Daniel Orton"
"/players/o/ostergr01.html","Greg Ostertag"
"/players/o/outlabo01.html","Bo Outlaw"
"/players/o/outlatr01.html","Travis Outlaw"
"/players/o/owensan01.html","Andre Owens"
"/players/o/owensla01.html","Larry Owens"
"/players/p/pachuza01.html","Zaza Pachulia"
"/players/p/padgesc01.html","Scott Padgett"
"/players/p/palacmi01.html","Milt Palacio"
"/players/p/pargoja01.html","Jannero Pargo"
"/players/p/pargoje01.html","Jeremy Pargo"
"/players/p/parkean01.html","Anthony Parker"
"/players/p/parkesm01.html","Smush Parker"
"/players/p/parketo01.html","Tony Parker"
"/players/p/parsoch01.html","Chandler Parsons"
"/players/p/pattepa01.html","Patrick Patterson"
"/players/p/patteru01.html","Ruben Patterson"
"/players/p/paulch01.html","Chris Paul"
"/players/p/pavloal01.html","Sasha Pavlovic"
"/players/p/paytoga01.html","Gary Payton"
"/players/p/pecheol01.html","Oleksiy Pecherov"
"/players/p/peelean01.html","Anthony Peeler"
"/players/p/pekovni01.html","Nikola Pekovic"
"/players/p/pendeje02.html","Jeff Ayres"
"/players/p/penneki01.html","Kirk Penney"
"/players/p/perkike01.html","Kendrick Perkins"
"/players/p/perovko01.html","Kosta Perovic"
"/players/p/persowe01.html","Wesley Person"
"/players/p/petermo01.html","Morris Peterson"
"/players/p/petrojo01.html","Johan Petro"
"/players/p/piatker01.html","Eric Piatkowski"
"/players/p/piercpa01.html","Paul Pierce"
"/players/p/pietrmi01.html","Mickael Pietrus"
"/players/p/pinknke01.html","Kevinn Pinkney"
"/players/p/pittmde01.html","Dexter Pittman"
"/players/p/planizo01.html","Zoran Planinic"
"/players/p/plumlma01.html","Mason Plumlee"
"/players/p/plumlmi01.html","Miles Plumlee"
"/players/p/podkopa01.html","Pavel Podkolzin"
"/players/p/pollasc01.html","Scot Pollard"
"/players/p/pondequ01.html","Quincy Pondexter"
"/players/p/popema01.html","Mark Pope"
"/players/p/porteot01.html","Otto Porter"
"/players/p/poseyja01.html","James Posey"
"/players/p/potapvi01.html","Vitaly Potapenko"
"/players/p/powele01.html","Leon Powe"
"/players/p/poweljo01.html","Josh Powell"
"/players/p/powelka01.html","Kasib Powell"
"/players/p/powelro01.html","Roger Powell"
"/players/p/pressph01.html","Phil Pressey"
"/players/p/priceaj01.html","A.J. Price"
"/players/p/pricero01.html","Ronnie Price"
"/players/p/prigipa01.html","Pablo Prigioni"
"/players/p/princta01.html","Tayshaun Prince"
"/players/p/profila01.html","Laron Profit"
"/players/p/pruitga01.html","Gabe Pruitt"
"/players/p/przybjo01.html","Joel Przybilla"
"/players/q/quinnch01.html","Chris Quinn"
"/players/r/radmavl01.html","Vladimir Radmanovic"
"/players/r/radojal01.html","Aleksandar Radojevic"
"/players/r/radulmi01.html","Miroslav Raduljica"
"/players/r/ramospe01.html","Peter John Ramos"
"/players/r/randoan01.html","Anthony Randolph"
"/players/r/randosh01.html","Shavlik Randolph"
"/players/r/randoza01.html","Zach Randolph"
"/players/r/ratlith01.html","Theo Ratliff"
"/players/r/rautian01.html","Andy Rautins"
"/players/r/rayal01.html","Allan Ray"
"/players/r/rebraze01.html","Zeljko Rebraca"
"/players/r/reddmi01.html","Michael Redd"
"/players/r/redicjj01.html","J.J. Redick"
"/players/r/reedju01.html","Justin Reed"
"/players/r/reidry01.html","Ryan Reid"
"/players/r/reineja01.html","Jared Reiner"
"/players/r/ricegl02.html","Glen Rice"
"/players/r/richach01.html","Chris Richard"
"/players/r/richaja01.html","Jason Richardson"
"/players/r/richaje01.html","Jeremy Richardson"
"/players/r/richaqu01.html","Quentin Richardson"
"/players/r/ridnolu01.html","Luke Ridnour"
"/players/r/riverau01.html","Austin Rivers"
"/players/r/roberan02.html","Anthony Roberson"
"/players/r/roberan03.html","Andre Roberson"
"/players/r/roberbr01.html","Brian Roberts"
"/players/r/roberla01.html","Lawrence Roberts"
"/players/r/robinbe01.html","Bernard Robinson"
"/players/r/robincl02.html","Clifford Robinson"
"/players/r/robingl01.html","Glenn Robinson"
"/players/r/robinna01.html","Nate Robinson"
"/players/r/robinth01.html","Thomas Robinson"
"/players/r/rodrise01.html","Sergio Rodriguez"
"/players/r/rogerro01.html","Rodney Rogers"
"/players/r/rondora01.html","Rajon Rondo"
"/players/r/rosede01.html","Derrick Rose"
"/players/r/roseja01.html","Jalen Rose"
"/players/r/rosema01.html","Malik Rose"
"/players/r/rossqu01.html","Quinton Ross"
"/players/r/rosste01.html","Terrence Ross"
"/players/r/roybr01.html","Brandon Roy"
"/players/r/rubiori01.html","Ricky Rubio"
"/players/r/ruffimi01.html","Michael Ruffin"
"/players/r/rushbr01.html","Brandon Rush"
"/players/r/rushka01.html","Kareem Rush"
"/players/r/russebr01.html","Bryon Russell"
"/players/r/russewa02.html","Walker Russell"
"/players/s/sacrero01.html","Robert Sacre"
"/players/s/salmojo01.html","John Salmons"
"/players/s/sambch01.html","Cheikh Samb"
"/players/s/sampsja01.html","Jamal Sampson"
"/players/s/samuesa01.html","Samardo Samuels"
"/players/s/sandela01.html","Larry Sanders"
"/players/s/sandeme01.html","Melvin Sanders"
"/players/s/santida01.html","Daniel Santiago"
"/players/s/scalabr01.html","Brian Scalabrine"
"/players/s/scaleal01.html","Alex Scales"
"/players/s/schenlu01.html","Luke Schenscher"
"/players/s/schrode01.html","Dennis Schr&ouml;der"
"/players/s/scolalu01.html","Luis Scola"
"/players/s/scottmi01.html","Mike Scott"
"/players/s/sefolth01.html","Thabo Sefolosha"
"/players/s/selbyjo01.html","Josh Selby"
"/players/s/senesa01.html","Mouhamed Sene"
"/players/s/serapke01.html","Kevin Seraphin"
"/players/s/sesayan01.html","Ansu Sesay"
"/players/s/sessira01.html","Ramon Sessions"
"/players/s/seungha01.html","Ha Seung-Jin"
"/players/s/shakumu01.html","Mustafa Shakur"
"/players/s/sharpwa01.html","Walter Sharpe"
"/players/s/shengto01.html","Tornike Shengelia"
"/players/s/shirlpa01.html","Paul Shirley"
"/players/s/shumpim01.html","Iman Shumpert"
"/players/s/shvedal01.html","Alexey Shved"
"/players/s/silasxa01.html","Xavier Silas"
"/players/s/silerga01.html","Garret Siler"
"/players/s/simiewa01.html","Wayne Simien"
"/players/s/simmobo01.html","Bobby Simmons"
"/players/s/simmoce01.html","Cedric Simmons"
"/players/s/simsco01.html","Courtney Sims"
"/players/s/simshe01.html","Henry Sims"
"/players/s/singlch01.html","Chris Singleton"
"/players/s/singlja01.html","James Singleton"
"/players/s/singlky01.html","Kyle Singler"
"/players/s/singlse01.html","Sean Singletary"
"/players/s/sivape01.html","Peyton Siva"
"/players/s/skinnbr01.html","Brian Skinner"
"/players/s/slayta01.html","Tamar Slay"
"/players/s/sloando01.html","Donald Sloan"
"/players/s/slokaur01.html","Uros Slokar"
"/players/s/smithch04.html","Charles Smith"
"/players/s/smithch05.html","Chris Smith"
"/players/s/smithcr01.html","Craig Smith"
"/players/s/smithdo04.html","Donta Smith"
"/players/s/smithgr02.html","Greg Smith"
"/players/s/smithis01.html","Ishmael Smith"
"/players/s/smithja01.html","Jabari Smith"
"/players/s/smithja02.html","Jason Smith"
"/players/s/smithje01.html","Jerry Smith"
"/players/s/smithjo02.html","Joe Smith"
"/players/s/smithjo03.html","Josh Smith"
"/players/s/smithjr01.html","J.R. Smith"
"/players/s/smithno01.html","Nolan Smith"
"/players/s/smithst01.html","Steve Smith"
"/players/s/smithst03.html","Steven Smith"
"/players/s/smithth01.html","Theron Smith"
"/players/s/snellto01.html","Tony Snell"
"/players/s/snower01.html","Eric Snow"
"/players/s/snydeki01.html","Kirk Snyder"
"/players/s/solomwi01.html","Will Solomon"
"/players/s/songada01.html","Darius Songaila"
"/players/s/southja01.html","James Southerland"
"/players/s/sowpa01.html","Pape Sow"
"/players/s/spanova01.html","Vassilis Spanoulis"
"/players/s/speigma01.html","Marreese Speights"
"/players/s/splitti01.html","Tiago Splitter"
"/players/s/sprewla01.html","Latrell Sprewell"
"/players/s/stackje01.html","Jerry Stackhouse"
"/players/s/stephdj01.html","D.J. Stephens"
"/players/s/stephla01.html","Lance Stephenson"
"/players/s/stevede01.html","DeShawn Stevenson"
"/players/s/stewami01.html","Michael Stewart"
"/players/s/stiemgr01.html","Greg Stiemsma"
"/players/s/stojape01.html","Peja Stojakovic"
"/players/s/stoneju01.html","Julyan Stone"
"/players/s/storeaw01.html","Awvee Storey"
"/players/s/stoudam01.html","Amar'e Stoudemire"
"/players/s/stoudda01.html","Damon Stoudamire"
"/players/s/stoudsa01.html","Salim Stoudamire"
"/players/s/strawdj01.html","D.J. Strawberry"
"/players/s/stricer01.html","Erick Strickland"
"/players/s/stricro02.html","Rod Strickland"
"/players/s/stuckro01.html","Rodney Stuckey"
"/players/s/sullija01.html","Jared Sullinger"
"/players/s/summeda01.html","DaJuan Summers"
"/players/s/sundobr01.html","Bruno Sundov"
"/players/s/surabo01.html","Bob Sura"
"/players/s/sweetmi01.html","Mike Sweetney"
"/players/s/swiftro01.html","Robert Swift"
"/players/s/swiftst01.html","Stromile Swift"
"/players/s/sypa01.html","Pape Sy"
"/players/s/szczewa02.html","Wally Szczerbiak"
"/players/t/tabusyu01.html","Yuta Tabuse"
"/players/t/taftch01.html","Chris Taft"
"/players/t/taylodo01.html","Donell Taylor"
"/players/t/tayloje02.html","Jermaine Taylor"
"/players/t/tayloje03.html","Jeffery Taylor"
"/players/t/tayloma01.html","Maurice Taylor"
"/players/t/taylomi01.html","Mike Taylor"
"/players/t/tayloty01.html","Tyshawn Taylor"
"/players/t/teaguje01.html","Jeff Teague"
"/players/t/teaguma01.html","Marquis Teague"
"/players/t/teletmi01.html","Mirza Teletovic"
"/players/t/telfase01.html","Sebastian Telfair"
"/players/t/templga01.html","Garrett Temple"
"/players/t/terryja01.html","Jason Terry"
"/players/t/thabeha01.html","Hasheem Thabeet"
"/players/t/thomaad01.html","Adonis Thomas"
"/players/t/thomabi01.html","Billy Thomas"
"/players/t/thomaet01.html","Etan Thomas"
"/players/t/thomais02.html","Isaiah Thomas"
"/players/t/thomaja02.html","James Thomas"
"/players/t/thomajo02.html","John Thomas"
"/players/t/thomake01.html","Kenny Thomas"
"/players/t/thomaku01.html","Kurt Thomas"
"/players/t/thomala01.html","Lance Thomas"
"/players/t/thomama01.html","Malcolm Thomas"
"/players/t/thomati01.html","Tim Thomas"
"/players/t/thomaty01.html","Tyrus Thomas"
"/players/t/thompdi01.html","Dijon Thompson"
"/players/t/thompho01.html","Hollis Thompson"
"/players/t/thompja02.html","Jason Thompson"
"/players/t/thompkl01.html","Klay Thompson"
"/players/t/thompmy02.html","Mychel Thompson"
"/players/t/thomptr01.html","Tristan Thompson"
"/players/t/thomptr02.html","Trey Thompkins"
"/players/t/thornal01.html","Al Thornton"
"/players/t/thornma01.html","Marcus Thornton"
"/players/t/tinslja01.html","Jamaal Tinsley"
"/players/t/tollian01.html","Anthony Tolliver"
"/players/t/traylro01.html","Robert Traylor"
"/players/t/tsakaja01.html","Jake Tsakalidis"
"/players/t/tskitni01.html","Nikoloz Tskitishvili"
"/players/t/tuckeal02.html","Alando Tucker"
"/players/t/tuckepj01.html","P.J. Tucker"
"/players/t/turiaro01.html","Ronny Turiaf"
"/players/t/turkohe01.html","Hedo Turkoglu"
"/players/t/turneev01.html","Evan Turner"
"/players/t/tylerje01.html","Jeremy Tyler"
"/players/u/ubileed01.html","Edwin Ubiles"
"/players/u/udohek01.html","Ekpe Udoh"
"/players/u/udokaim01.html","Ime Udoka"
"/players/u/udrihbe01.html","Beno Udrih"
"/players/u/ukicro01.html","Roko Ukic"
"/players/u/uzohbe01.html","Ben Uzoh"
"/players/v/valanjo01.html","Jonas Valanciunas"
"/players/v/vanexni01.html","Nick Van Exel"
"/players/v/vanhoke01.html","Keith Van Horn"
"/players/v/varejan01.html","Anderson Varejao"
"/players/v/varnaja01.html","Jarvis Varnado"
"/players/v/vasqugr01.html","Greivis Vasquez"
"/players/v/vaughja01.html","Jacque Vaughn"
"/players/v/veselja01.html","Jan Vesely"
"/players/v/villach01.html","Charlie Villanueva"
"/players/v/vincima01.html","Marcus Vinicius"
"/players/v/voskuja01.html","Jake Voskuhl"
"/players/v/vromaja01.html","Jackson Vroman"
"/players/v/vucevni01.html","Nikola Vucevic"
"/players/v/vujacsa01.html","Sasha Vujacic"
"/players/w/wadedw01.html","Dwyane Wade"
"/players/w/wafervo01.html","Von Wafer"
"/players/w/wagneda02.html","Dajuan Wagner"
"/players/w/waitedi01.html","Dion Waiters"
"/players/w/walkean02.html","Antoine Walker"
"/players/w/walkebi01.html","Bill Walker"
"/players/w/walkeke02.html","Kemba Walker"
"/players/w/walkesa01.html","Samaki Walker"
"/players/w/wallabe01.html","Ben Wallace"
"/players/w/wallage01.html","Gerald Wallace"
"/players/w/wallara01.html","Rasheed Wallace"
"/players/w/walljo01.html","John Wall"
"/players/w/walshma01.html","Matt Walsh"
"/players/w/waltolu01.html","Luke Walton"
"/players/w/wardch01.html","Charlie Ward"
"/players/w/wareca01.html","Casper Ware"
"/players/w/warrewi01.html","Willie Warren"
"/players/w/warriha01.html","Hakim Warrick"
"/players/w/washida01.html","Darius Washington"
"/players/w/watkida01.html","Darryl Watkins"
"/players/w/watsocj01.html","C.J. Watson"
"/players/w/watsoea01.html","Earl Watson"
"/players/w/waynsma01.html","Maalik Wayns"
"/players/w/weathcl01.html","Clarence Weatherspoon"
"/players/w/weaveky01.html","Kyle Weaver"
"/players/w/webbech01.html","Chris Webber"
"/players/w/webstma02.html","Martell Webster"
"/players/w/weemsso01.html","Sonny Weems"
"/players/w/wellsbo01.html","Bonzi Wells"
"/players/w/welscji01.html","Jiri Welsch"
"/players/w/wesleda01.html","David Wesley"
"/players/w/westbru01.html","Russell Westbrook"
"/players/w/westda01.html","David West"
"/players/w/westde01.html","Delonte West"
"/players/w/westma02.html","Mario West"
"/players/w/whalero01.html","Robert Whaley"
"/players/w/whitedj01.html","D.J. White"
"/players/w/whiteha01.html","Hassan Whiteside"
"/players/w/whiteja01.html","Jahidi White"
"/players/w/whiteja02.html","James White"
"/players/w/whitero02.html","Rodney White"
"/players/w/whitero03.html","Royce White"
"/players/w/wilcoch01.html","Chris Wilcox"
"/players/w/wilkida02.html","Damien Wilkins"
"/players/w/wilksmi01.html","Mike Wilks"
"/players/w/williaa01.html","Aaron Williams"
"/players/w/willial02.html","Alvin Williams"
"/players/w/willico02.html","Corliss Williamson"
"/players/w/willide01.html","Deron Williams"
"/players/w/willide02.html","Derrick Williams"
"/players/w/williel01.html","Elliot Williams"
"/players/w/willier01.html","Eric Williams"
"/players/w/willifr02.html","Frank Williams"
"/players/w/willija02.html","Jason Williams"
"/players/w/willija04.html","Jawad Williams"
"/players/w/willije01.html","Jerome Williams"
"/players/w/willijo03.html","Jordan Williams"
"/players/w/williju01.html","Justin Williams"
"/players/w/willike02.html","Kevin Willis"
"/players/w/willilo02.html","Louis Williams"
"/players/w/willima01.html","Mo Williams"
"/players/w/willima02.html","Marvin Williams"
"/players/w/willima03.html","Marcus Williams"
"/players/w/willima04.html","Marcus Williams"
"/players/w/willire02.html","Reggie Williams"
"/players/w/willisc01.html","Scott Williams"
"/players/w/willise01.html","Sean Williams"
"/players/w/willish01.html","Shammond Williams"
"/players/w/willish02.html","Shelden Williams"
"/players/w/willish03.html","Shawne Williams"
"/players/w/willite01.html","Terrence Williams"
"/players/w/witheje01.html","Jeff Withey"
"/players/w/woltena01.html","Nate Wolters"
"/players/w/woodslo01.html","Loren Woods"
"/players/w/woodsqy01.html","Qyntel Woods"
"/players/w/wrighan01.html","Antoine Wright"
"/players/w/wrighbr02.html","Bracey Wright"
"/players/w/wrighbr03.html","Brandan Wright"
"/players/w/wrighch01.html","Chris Wright"
"/players/w/wrighch02.html","Chris Wright"
"/players/w/wrighdo01.html","Dorell Wright"
"/players/w/wrighju01.html","Julian Wright"
"/players/w/wrighlo02.html","Lorenzen Wright"
"/players/w/wroteto01.html","Tony Wroten"
"/players/y/youngni01.html","Nick Young"
"/players/y/youngsa01.html","Sam Young"
"/players/y/youngth01.html","Thaddeus Young"
"/players/y/yuesu01.html","Sun Yue"
"/players/z/zelleco01.html","Cody Zeller"
"/players/z/zellelu01.html","Luke Zeller"
"/players/z/zellety01.html","Tyler Zeller"
"/players/z/zhizhwa01.html","Wang Zhizhi"
"/players/z/zimmede01.html","Derrick Zimmerman"
